tutorial-grid-00.bmp,tutorial-grid-01.bmp,tutorial-grid-02.bmp,tutorial-grid-03.bmp,tutorial-grid-04.bmp,tutorial-grid-05.bmp,,,,,,,,,,
,,,,,,,,,,,,,,,
normal-main-00.bmp,normal-main-01.bmp,normal-main-01.bmp,normal-main-02.bmp,normal-main-03.bmp,normal-main-04.bmp,,,,,,,,,,
,,,,,normal-main-05.bmp,normal-main-06.bmp,normal-main-07.bmp,normal-main-08.bmp,normal-main-09.bmp,normal-main-10.bmp,normal-main-10.bmp,normal-main-11.bmp,normal-main-12.bmp,normal-main-13.bmp,
,,,,,,,,,,,,,,normal-main-13.bmp,
,,,,,,,,,,,,,,normal-main-14.bmp,normal-main-15.bmp
,,,,,,,,,,,,,,,
challenge-main-00.bmp,challenge-main-01.bmp,challenge-main-01.bmp,challenge-main-02.bmp,challenge-main-03.bmp,challenge-main-04.bmp,,,,,,,,,,
,,,,,challenge-main-05.bmp,challenge-main-06.bmp,challenge-main-07.bmp,challenge-main-08.bmp,challenge-main-09.bmp,challenge-main-10.bmp,challenge-main-10.bmp,challenge-main-11.bmp,challenge-main-12.bmp,challenge-main-13.bmp,
,,,,,,,,,,,,,,challenge-main-13.bmp,
,,,,,,,,,,,,,,challenge-main-14.bmp,challenge-main-15.bmp
